file,line,type,commit,author,date,time,timezone,datetime,depth,length
style.css,1,css,a27b982d,JaredW022,2026-04-01,19:52:10,-07:00,2026-04-01T19:52:10-07:00,0,4
style.css,2,css,a27b982d,JaredW022,2026-04-01,19:52:10,-07:00,2026-04-01T19:52:10-07:00,1,43
style.css,3,css,a27b982d,JaredW022,2026-04-01,19:52:10,-07:00,2026-04-01T19:52:10-07:00,0,42
style.css,4,css,a27b982d,JaredW022,2026-04-01,19:52:10,-07:00,2026-04-01T19:52:10-07:00,0,0
style.css,5,css,a27b982d,JaredW022,2026-04-01,19:52:10,-07:00,2026-04-01T19:52:10-07:00,1,23
style.css,6,css,50484e6d,JaredW022,2026-04-09,14:05:24,-07:00,2026-04-09T14:05:24-07:00,1,15
style.css,7,css,29f89cbd,JaredW022,2026-04-09,14:07:32,-07:00,2026-04-09T14:07:32-07:00,1,18
style.css,8,css,836cc04f,JaredW022,2026-04-09,14:36:06,-07:00,2026-04-09T14:36:06-07:00,1,11
style.css,9,css,836cc04f,JaredW022,2026-04-09,14:36:06,-07:00,2026-04-09T14:36:06-07:00,1,31
style.css,10,css,f6d77fa4,JaredW022,2026-04-09,14:17:28,-07:00,2026-04-09T14:17:28-07:00,0,0
style.css,11,css,f6d77fa4,JaredW022,2026-04-09,14:17:28,-07:00,2026-04-09T14:17:28-07:00,0,0
style.css,12,css,19a73655,JaredW022,2026-04-09,14:44:52,-07:00,2026-04-09T14:44:52-07:00,0,4
style.css,13,css,19a73655,JaredW022,2026-04-09,14:44:52,-07:00,2026-04-09T14:44:52-07:00,1,31
style.css,14,css,247df262,JaredW022,2026-04-17,15:06:38,-07:00,2026-04-17T15:06:38-07:00,1,23
style.css,15,css,19a73655,JaredW022,2026-04-09,14:44:52,-07:00,2026-04-09T14:44:52-07:00,0,0
style.css,16,css,19a73655,JaredW022,2026-04-09,14:44:52,-07:00,2026-04-09T14:44:52-07:00,0,0
style.css,17,css,0f822460,JaredW022,2026-04-09,14:28:00,-07:00,2026-04-09T14:28:00-07:00,0,3
style.css,18,css,0f822460,JaredW022,2026-04-09,14:28:00,-07:00,2026-04-09T14:28:00-07:00,1,12
style.css,19,css,836cc04f,JaredW022,2026-04-09,14:36:06,-07:00,2026-04-09T14:36:06-07:00,1,17
style.css,20,css,0f822460,JaredW022,2026-04-09,14:28:00,-07:00,2026-04-09T14:28:00-07:00,1,23
style.css,21,css,0f822460,JaredW022,2026-04-09,14:28:00,-07:00,2026-04-09T14:28:00-07:00,1,25
style.css,22,css,247df262,JaredW022,2026-04-17,15:06:38,-07:00,2026-04-17T15:06:38-07:00,1,39
style.css,23,css,247df262,JaredW022,2026-04-17,15:06:38,-07:00,2026-04-17T15:06:38-07:00,1,39
style.css,24,css,0f822460,JaredW022,2026-04-09,14:28:00,-07:00,2026-04-09T14:28:00-07:00,0,0
style.css,25,css,0f822460,JaredW022,2026-04-09,14:28:00,-07:00,2026-04-09T14:28:00-07:00,0,0
style.css,26,css,0f822460,JaredW022,2026-04-09,14:28:00,-07:00,2026-04-09T14:28:00-07:00,0,5
style.css,27,css,0f822460,JaredW022,2026-04-09,14:28:00,-07:00,2026-04-09T14:28:00-07:00,1,6
style.css,28,css,0f822460,JaredW022,2026-04-09,14:28:00,-07:00,2026-04-09T14:28:00-07:00,1,20
style.css,29,css,0f822460,JaredW022,2026-04-09,14:28:00,-07:00,2026-04-09T14:28:00-07:00,1,13
style.css,30,css,0f822460,JaredW022,2026-04-09,14:28:00,-07:00,2026-04-09T14:28:00-07:00,1,17
style.css,31,css,0f822460,JaredW022,2026-04-09,14:28:00,-07:00,2026-04-09T14:28:00-07:00,1,13
style.css,32,css,0f822460,JaredW022,2026-04-09,14:28:00,-07:00,2026-04-09T14:28:00-07:00,0,0
style.css,33,css,0f822460,JaredW022,2026-04-09,14:28:00,-07:00,2026-04-09T14:28:00-07:00,0,0
style.css,34,css,f6d77fa4,JaredW022,2026-04-09,14:17:28,-07:00,2026-04-09T14:17:28-07:00,0,13
style.css,35,css,247df262,JaredW022,2026-04-17,15:06:38,-07:00,2026-04-17T15:06:38-07:00,1,45
style.css,36,css,0f822460,JaredW022,2026-04-09,14:28:00,-07:00,2026-04-09T14:28:00-07:00,1,20
style.css,37,css,19a73655,JaredW022,2026-04-09,14:44:52,-07:00,2026-04-09T14:44:52-07:00,0,0
style.css,38,css,19a73655,JaredW022,2026-04-09,14:44:52,-07:00,2026-04-09T14:44:52-07:00,0,0
style.css,39,css,19a73655,JaredW022,2026-04-09,14:44:52,-07:00,2026-04-09T14:44:52-07:00,0,11
style.css,40,css,247df262,JaredW022,2026-04-17,15:06:38,-07:00,2026-04-17T15:06:38-07:00,1,45
style.css,41,css,247df262,JaredW022,2026-04-17,15:06:38,-07:00,2026-04-17T15:06:38-07:00,1,69
style.css,42,css,19a73655,JaredW022,2026-04-09,14:44:52,-07:00,2026-04-09T14:44:52-07:00,1,20
style.css,43,css,b4e87260,JaredW022,2026-04-09,17:35:42,-07:00,2026-04-09T17:35:42-07:00,0,0
style.css,44,css,b4e87260,JaredW022,2026-04-09,17:35:42,-07:00,2026-04-09T17:35:42-07:00,0,0
style.css,45,css,277669d2,JaredW022,2026-04-09,18:14:29,-07:00,2026-04-09T18:14:29-07:00,0,4
style.css,46,css,426eeccc,JaredW022,2026-04-09,17:50:11,-07:00,2026-04-09T17:50:11-07:00,1,12
style.css,47,css,426eeccc,JaredW022,2026-04-09,17:50:11,-07:00,2026-04-09T17:50:11-07:00,1,30
style.css,48,css,bd68b6b1,JaredW022,2026-04-09,18:35:17,-07:00,2026-04-09T18:35:17-07:00,1,7
style.css,49,css,80e0f945,JaredW022,2026-04-09,19:24:58,-07:00,2026-04-09T19:24:58-07:00,0,0
style.css,50,css,3d426470,JaredW022,2026-04-09,19:08:34,-07:00,2026-04-09T19:08:34-07:00,0,0
style.css,51,css,80e0f945,JaredW022,2026-04-09,19:24:58,-07:00,2026-04-09T19:24:58-07:00,0,11
style.css,52,css,80e0f945,JaredW022,2026-04-09,19:24:58,-07:00,2026-04-09T19:24:58-07:00,1,18
style.css,53,css,2255b27d,JaredW022,2026-04-09,18:41:16,-07:00,2026-04-09T18:41:16-07:00,0,0
style.css,54,css,2255b27d,JaredW022,2026-04-09,18:41:16,-07:00,2026-04-09T18:41:16-07:00,0,0
style.css,55,css,2255b27d,JaredW022,2026-04-09,18:41:16,-07:00,2026-04-09T18:41:16-07:00,0,9
style.css,56,css,42b71ac3,JaredW022,2026-04-09,18:41:57,-07:00,2026-04-09T18:41:57-07:00,1,12
style.css,57,css,fa779557,JaredW022,2026-04-09,18:57:04,-07:00,2026-04-09T18:57:04-07:00,1,58
style.css,58,css,fa779557,JaredW022,2026-04-09,18:57:04,-07:00,2026-04-09T18:57:04-07:00,1,7
style.css,59,css,80e0f945,JaredW022,2026-04-09,19:24:58,-07:00,2026-04-09T19:24:58-07:00,0,0
style.css,60,css,fa779557,JaredW022,2026-04-09,18:57:04,-07:00,2026-04-09T18:57:04-07:00,0,0
style.css,61,css,80e0f945,JaredW022,2026-04-09,19:24:58,-07:00,2026-04-09T19:24:58-07:00,0,17
style.css,62,css,80e0f945,JaredW022,2026-04-09,19:24:58,-07:00,2026-04-09T19:24:58-07:00,1,12
style.css,63,css,80e0f945,JaredW022,2026-04-09,19:24:58,-07:00,2026-04-09T19:24:58-07:00,1,26
style.css,64,css,80e0f945,JaredW022,2026-04-09,19:24:58,-07:00,2026-04-09T19:24:58-07:00,1,15
style.css,65,css,80e0f945,JaredW022,2026-04-09,19:24:58,-07:00,2026-04-09T19:24:58-07:00,0,0
style.css,66,css,fa779557,JaredW022,2026-04-09,18:57:04,-07:00,2026-04-09T18:57:04-07:00,0,0
style.css,67,css,80e0f945,JaredW022,2026-04-09,19:24:58,-07:00,2026-04-09T19:24:58-07:00,0,12
style.css,68,css,80e0f945,JaredW022,2026-04-09,19:24:58,-07:00,2026-04-09T19:24:58-07:00,1,8
style.css,69,css,00d63623,JaredW022,2026-04-09,18:52:16,-07:00,2026-04-09T18:52:16-07:00,0,0
style.css,70,css,00d63623,JaredW022,2026-04-09,18:52:16,-07:00,2026-04-09T18:52:16-07:00,0,0
style.css,71,css,776a3c91,JaredW022,2026-04-09,19:39:58,-07:00,2026-04-09T19:39:58-07:00,0,12
style.css,72,css,00d63623,JaredW022,2026-04-09,18:52:16,-07:00,2026-04-09T18:52:16-07:00,1,14
style.css,73,css,00d63623,JaredW022,2026-04-09,18:52:16,-07:00,2026-04-09T18:52:16-07:00,0,0
style.css,74,css,00d63623,JaredW022,2026-04-09,18:52:16,-07:00,2026-04-09T18:52:16-07:00,0,0
style.css,75,css,00d63623,JaredW022,2026-04-09,18:52:16,-07:00,2026-04-09T18:52:16-07:00,0,22
style.css,76,css,00d63623,JaredW022,2026-04-09,18:52:16,-07:00,2026-04-09T18:52:16-07:00,1,15
style.css,77,css,00d63623,JaredW022,2026-04-09,18:52:16,-07:00,2026-04-09T18:52:16-07:00,1,17
style.css,78,css,83272113,JaredW022,2026-04-09,19:15:22,-07:00,2026-04-09T19:15:22-07:00,0,0
style.css,79,css,83272113,JaredW022,2026-04-09,19:15:22,-07:00,2026-04-09T19:15:22-07:00,0,0
style.css,80,css,d9569c0c,JaredW022,2026-04-09,19:30:02,-07:00,2026-04-09T19:30:02-07:00,0,7
style.css,81,css,83272113,JaredW022,2026-04-09,19:15:22,-07:00,2026-04-09T19:15:22-07:00,2,29
style.css,82,css,83272113,JaredW022,2026-04-09,19:15:22,-07:00,2026-04-09T19:15:22-07:00,2,11
style.css,83,css,83272113,JaredW022,2026-04-09,19:15:22,-07:00,2026-04-09T19:15:22-07:00,2,15
style.css,84,css,80e0f945,JaredW022,2026-04-09,19:24:58,-07:00,2026-04-09T19:24:58-07:00,0,0
style.css,85,css,80e0f945,JaredW022,2026-04-09,19:24:58,-07:00,2026-04-09T19:24:58-07:00,0,0
style.css,86,css,d9569c0c,JaredW022,2026-04-09,19:30:02,-07:00,2026-04-09T19:30:02-07:00,0,10
style.css,87,css,83272113,JaredW022,2026-04-09,19:15:22,-07:00,2026-04-09T19:15:22-07:00,2,17
style.css,88,css,83272113,JaredW022,2026-04-09,19:15:22,-07:00,2026-04-09T19:15:22-07:00,2,17
style.css,89,css,80e0f945,JaredW022,2026-04-09,19:24:58,-07:00,2026-04-09T19:24:58-07:00,0,0
style.css,90,css,80e0f945,JaredW022,2026-04-09,19:24:58,-07:00,2026-04-09T19:24:58-07:00,0,0
style.css,91,css,d9569c0c,JaredW022,2026-04-09,19:30:02,-07:00,2026-04-09T19:30:02-07:00,0,16
style.css,92,css,83272113,JaredW022,2026-04-09,19:15:22,-07:00,2026-04-09T19:15:22-07:00,2,17
style.css,93,css,83272113,JaredW022,2026-04-09,19:15:22,-07:00,2026-04-09T19:15:22-07:00,2,14
style.css,94,css,83272113,JaredW022,2026-04-09,19:15:22,-07:00,2026-04-09T19:15:22-07:00,2,18
style.css,95,css,80e0f945,JaredW022,2026-04-09,19:24:58,-07:00,2026-04-09T19:24:58-07:00,0,0
style.css,96,css,80e0f945,JaredW022,2026-04-09,19:24:58,-07:00,2026-04-09T19:24:58-07:00,0,0
style.css,97,css,d9569c0c,JaredW022,2026-04-09,19:30:02,-07:00,2026-04-09T19:30:02-07:00,0,10
style.css,98,css,83272113,JaredW022,2026-04-09,19:15:22,-07:00,2026-04-09T19:15:22-07:00,2,28
style.css,99,css,83272113,JaredW022,2026-04-09,19:15:22,-07:00,2026-04-09T19:15:22-07:00,2,18
style.css,100,css,83272113,JaredW022,2026-04-09,19:15:22,-07:00,2026-04-09T19:15:22-07:00,2,15
style.css,101,css,80e0f945,JaredW022,2026-04-09,19:24:58,-07:00,2026-04-09T19:24:58-07:00,0,0
style.css,102,css,80e0f945,JaredW022,2026-04-09,19:24:58,-07:00,2026-04-09T19:24:58-07:00,0,0
style.css,103,css,d9569c0c,JaredW022,2026-04-09,19:30:02,-07:00,2026-04-09T19:30:02-07:00,0,14
style.css,104,css,83272113,JaredW022,2026-04-09,19:15:22,-07:00,2026-04-09T19:15:22-07:00,2,18
style.css,105,css,80e0f945,JaredW022,2026-04-09,19:24:58,-07:00,2026-04-09T19:24:58-07:00,0,0
style.css,106,css,80e0f945,JaredW022,2026-04-09,19:24:58,-07:00,2026-04-09T19:24:58-07:00,0,0
style.css,107,css,d9569c0c,JaredW022,2026-04-09,19:30:02,-07:00,2026-04-09T19:30:02-07:00,0,20
style.css,108,css,83272113,JaredW022,2026-04-09,19:15:22,-07:00,2026-04-09T19:15:22-07:00,2,16
style.css,109,css,80e0f945,JaredW022,2026-04-09,19:24:58,-07:00,2026-04-09T19:24:58-07:00,0,0
style.css,110,css,80e0f945,JaredW022,2026-04-09,19:24:58,-07:00,2026-04-09T19:24:58-07:00,0,0
style.css,111,css,d9569c0c,JaredW022,2026-04-09,19:30:02,-07:00,2026-04-09T19:30:02-07:00,0,10
style.css,112,css,83272113,JaredW022,2026-04-09,19:15:22,-07:00,2026-04-09T19:15:22-07:00,2,22
style.css,113,css,0e3c3cae,JaredW022,2026-04-17,15:22:09,-07:00,2026-04-17T15:22:09-07:00,0,0
style.css,114,css,0e3c3cae,JaredW022,2026-04-17,15:22:09,-07:00,2026-04-17T15:22:09-07:00,0,0
style.css,115,css,0e3c3cae,JaredW022,2026-04-17,15:22:09,-07:00,2026-04-17T15:22:09-07:00,0,13
style.css,116,css,0e3c3cae,JaredW022,2026-04-17,15:22:09,-07:00,2026-04-17T15:22:09-07:00,1,17
style.css,117,css,0e3c3cae,JaredW022,2026-04-17,15:22:09,-07:00,2026-04-17T15:22:09-07:00,1,8
style.css,118,css,0e3c3cae,JaredW022,2026-04-17,15:22:09,-07:00,2026-04-17T15:22:09-07:00,1,10
style.css,119,css,0e3c3cae,JaredW022,2026-04-17,15:22:09,-07:00,2026-04-17T15:22:09-07:00,1,13
style.css,120,css,0e3c3cae,JaredW022,2026-04-17,15:22:09,-07:00,2026-04-17T15:22:09-07:00,1,19
style.css,121,css,0e3c3cae,JaredW022,2026-04-17,15:22:09,-07:00,2026-04-17T15:22:09-07:00,0,0
style.css,122,css,8b5ad004,JaredW022,2026-05-01,15:43:47,-07:00,2026-05-01T15:43:47-07:00,0,0
style.css,123,css,8b5ad004,JaredW022,2026-05-01,15:43:47,-07:00,2026-05-01T15:43:47-07:00,0,18
style.css,124,css,8b5ad004,JaredW022,2026-05-01,15:43:47,-07:00,2026-05-01T15:43:47-07:00,1,14
style.css,125,css,8b5ad004,JaredW022,2026-05-01,15:43:47,-07:00,2026-05-01T15:43:47-07:00,1,16
style.css,126,css,8b5ad004,JaredW022,2026-05-01,15:43:47,-07:00,2026-05-01T15:43:47-07:00,0,0
style.css,127,css,8b5ad004,JaredW022,2026-05-01,15:43:47,-07:00,2026-05-01T15:43:47-07:00,1,16
style.css,128,css,8b5ad004,JaredW022,2026-05-01,15:43:47,-07:00,2026-05-01T15:43:47-07:00,0,0
style.css,129,css,9a58b65b,JaredW022,2026-05-01,17:32:03,-07:00,2026-05-01T17:32:03-07:00,0,0
style.css,130,css,281ddd74,JaredW022,2026-05-01,17:36:04,-07:00,2026-05-01T17:36:04-07:00,0,10
style.css,131,css,281ddd74,JaredW022,2026-05-01,17:36:04,-07:00,2026-05-01T17:36:04-07:00,1,12
style.css,132,css,281ddd74,JaredW022,2026-05-01,17:36:04,-07:00,2026-05-01T17:36:04-07:00,1,18
style.css,133,css,281ddd74,JaredW022,2026-05-01,17:36:04,-07:00,2026-05-01T17:36:04-07:00,1,9
style.css,134,css,281ddd74,JaredW022,2026-05-01,17:36:04,-07:00,2026-05-01T17:36:04-07:00,0,0
style.css,135,css,281ddd74,JaredW022,2026-05-01,17:36:04,-07:00,2026-05-01T17:36:04-07:00,0,0
style.css,136,css,9a58b65b,JaredW022,2026-05-01,17:32:03,-07:00,2026-05-01T17:32:03-07:00,0,15
style.css,137,css,9a58b65b,JaredW022,2026-05-01,17:32:03,-07:00,2026-05-01T17:32:03-07:00,1,9
style.css,138,css,9a58b65b,JaredW022,2026-05-01,17:32:03,-07:00,2026-05-01T17:32:03-07:00,1,10
style.css,139,css,9a58b65b,JaredW022,2026-05-01,17:32:03,-07:00,2026-05-01T17:32:03-07:00,1,23
style.css,140,css,9a58b65b,JaredW022,2026-05-01,17:32:03,-07:00,2026-05-01T17:32:03-07:00,1,20
style.css,141,css,9a58b65b,JaredW022,2026-05-01,17:32:03,-07:00,2026-05-01T17:32:03-07:00,1,17
style.css,142,css,9a58b65b,JaredW022,2026-05-01,17:32:03,-07:00,2026-05-01T17:32:03-07:00,0,0
style.css,143,css,de936f5b,JaredW022,2026-05-01,17:38:12,-07:00,2026-05-01T17:38:12-07:00,0,0
style.css,144,css,de936f5b,JaredW022,2026-05-01,17:38:12,-07:00,2026-05-01T17:38:12-07:00,0,7
style.css,145,css,de936f5b,JaredW022,2026-05-01,17:38:12,-07:00,2026-05-01T17:38:12-07:00,1,15
style.css,146,css,de936f5b,JaredW022,2026-05-01,17:38:12,-07:00,2026-05-01T17:38:12-07:00,1,11
style.css,147,css,de936f5b,JaredW022,2026-05-01,17:38:12,-07:00,2026-05-01T17:38:12-07:00,1,14
style.css,148,css,de936f5b,JaredW022,2026-05-01,17:38:12,-07:00,2026-05-01T17:38:12-07:00,1,21
style.css,149,css,de936f5b,JaredW022,2026-05-01,17:38:12,-07:00,2026-05-01T17:38:12-07:00,0,0
style.css,150,css,de936f5b,JaredW022,2026-05-01,17:38:12,-07:00,2026-05-01T17:38:12-07:00,1,12
style.css,151,css,de936f5b,JaredW022,2026-05-01,17:38:12,-07:00,2026-05-01T17:38:12-07:00,1,14
style.css,152,css,de936f5b,JaredW022,2026-05-01,17:38:12,-07:00,2026-05-01T17:38:12-07:00,1,7
style.css,153,css,de936f5b,JaredW022,2026-05-01,17:38:12,-07:00,2026-05-01T17:38:12-07:00,0,0
style.css,154,css,b8fb8d23,JaredW022,2026-05-01,17:41:54,-07:00,2026-05-01T17:41:54-07:00,0,0
style.css,155,css,b8fb8d23,JaredW022,2026-05-01,17:41:54,-07:00,2026-05-01T17:41:54-07:00,0,21
style.css,156,css,b8fb8d23,JaredW022,2026-05-01,17:41:54,-07:00,2026-05-01T17:41:54-07:00,1,12
style.css,157,css,0b747088,JaredW022,2026-05-01,17:46:15,-07:00,2026-05-01T17:46:15-07:00,1,18
style.css,158,css,b8fb8d23,JaredW022,2026-05-01,17:41:54,-07:00,2026-05-01T17:41:54-07:00,1,7
style.css,159,css,b8fb8d23,JaredW022,2026-05-01,17:41:54,-07:00,2026-05-01T17:41:54-07:00,0,0
style.css,160,css,db46173e,JaredW022,2026-05-01,20:28:23,-07:00,2026-05-01T20:28:23-07:00,0,0
style.css,161,css,db46173e,JaredW022,2026-05-01,20:28:23,-07:00,2026-05-01T20:28:23-07:00,0,51
style.css,162,css,db46173e,JaredW022,2026-05-01,20:28:23,-07:00,2026-05-01T20:28:23-07:00,1,11
style.css,163,css,db46173e,JaredW022,2026-05-01,20:28:23,-07:00,2026-05-01T20:28:23-07:00,0,0
style.css,164,css,db46173e,JaredW022,2026-05-01,20:28:23,-07:00,2026-05-01T20:28:23-07:00,0,0
style.css,165,css,db46173e,JaredW022,2026-05-01,20:28:23,-07:00,2026-05-01T20:28:23-07:00,0,23
style.css,166,css,db46173e,JaredW022,2026-05-01,20:28:23,-07:00,2026-05-01T20:28:23-07:00,1,16
style.css,167,css,db46173e,JaredW022,2026-05-01,20:28:23,-07:00,2026-05-01T20:28:23-07:00,0,0
style.css,168,css,a138bea6,JaredW022,2026-05-01,20:36:51,-07:00,2026-05-01T20:36:51-07:00,0,0
style.css,169,css,a138bea6,JaredW022,2026-05-01,20:36:51,-07:00,2026-05-01T20:36:51-07:00,0,28
style.css,170,css,a138bea6,JaredW022,2026-05-01,20:36:51,-07:00,2026-05-01T20:36:51-07:00,1,35
style.css,171,css,a138bea6,JaredW022,2026-05-01,20:36:51,-07:00,2026-05-01T20:36:51-07:00,0,0
style.css,172,css,a138bea6,JaredW022,2026-05-01,20:36:51,-07:00,2026-05-01T20:36:51-07:00,1,10
style.css,173,css,a138bea6,JaredW022,2026-05-01,20:36:51,-07:00,2026-05-01T20:36:51-07:00,2,17
style.css,174,css,a138bea6,JaredW022,2026-05-01,20:36:51,-07:00,2026-05-01T20:36:51-07:00,1,0
style.css,175,css,a138bea6,JaredW022,2026-05-01,20:36:51,-07:00,2026-05-01T20:36:51-07:00,0,0
style.css,176,css,a138bea6,JaredW022,2026-05-01,20:36:51,-07:00,2026-05-01T20:36:51-07:00,0,0
style.css,177,css,a138bea6,JaredW022,2026-05-01,20:36:51,-07:00,2026-05-01T20:36:51-07:00,0,4
style.css,178,css,a138bea6,JaredW022,2026-05-01,20:36:51,-07:00,2026-05-01T20:36:51-07:00,1,14
style.css,179,css,a138bea6,JaredW022,2026-05-01,20:36:51,-07:00,2026-05-01T20:36:51-07:00,0,0
resume.html,1,html,b1edc77a,JaredW022,2026-04-02,16:57:47,-07:00,2026-04-02T16:57:47-07:00,0,13
resume.html,2,html,b1edc77a,JaredW022,2026-04-02,16:57:47,-07:00,2026-04-02T16:57:47-07:00,0,14
resume.html,3,html,b1edc77a,JaredW022,2026-04-02,16:57:47,-07:00,2026-04-02T16:57:47-07:00,0,4
resume.html,4,html,b1edc77a,JaredW022,2026-04-02,16:57:47,-07:00,2026-04-02T16:57:47-07:00,2,20
resume.html,5,html,b1edc77a,JaredW022,2026-04-02,16:57:47,-07:00,2026-04-02T16:57:47-07:00,2,68
resume.html,6,html,b1edc77a,JaredW022,2026-04-02,16:57:47,-07:00,2026-04-02T16:57:47-07:00,2,30
resume.html,7,html,3130c7de,JaredW022,2026-04-09,19:16:24,-07:00,2026-04-09T19:16:24-07:00,2,38
resume.html,8,html,b1edc77a,JaredW022,2026-04-02,16:57:47,-07:00,2026-04-02T16:57:47-07:00,0,5
resume.html,9,html,b1edc77a,JaredW022,2026-04-02,16:57:47,-07:00,2026-04-02T16:57:47-07:00,0,4
resume.html,10,html,b15f091b,JaredW022,2026-04-17,15:28:22,-07:00,2026-04-17T15:28:22-07:00,2,45
resume.html,11,html,5faa41bd,JaredW022,2026-04-17,14:12:37,-07:00,2026-04-17T14:12:37-07:00,2,8
resume.html,12,html,3b5d34da,JaredW022,2026-04-02,17:05:03,-07:00,2026-04-02T17:05:03-07:00,4,27
resume.html,13,html,3b5d34da,JaredW022,2026-04-02,17:05:03,-07:00,2026-04-02T17:05:03-07:00,4,40
resume.html,14,html,3b5d34da,JaredW022,2026-04-02,17:05:03,-07:00,2026-04-02T17:05:03-07:00,4,38
resume.html,15,html,a4a4707a,JaredW022,2026-04-02,17:00:29,-07:00,2026-04-02T17:00:29-07:00,4,63
resume.html,16,html,573731d4,JaredW022,2026-04-17,13:22:37,-07:00,2026-04-17T13:22:37-07:00,4,30
resume.html,17,html,5faa41bd,JaredW022,2026-04-17,14:12:37,-07:00,2026-04-17T14:12:37-07:00,2,8
resume.html,18,html,a4a4707a,JaredW022,2026-04-02,17:00:29,-07:00,2026-04-02T17:00:29-07:00,0,0
resume.html,19,html,f9577b8f,JaredW022,2026-04-09,19:29:25,-07:00,2026-04-09T19:29:25-07:00,2,18
resume.html,20,html,f9577b8f,JaredW022,2026-04-09,19:29:25,-07:00,2026-04-09T19:29:25-07:00,0,0
resume.html,21,html,7d4284d3,JaredW022,2026-04-09,19:32:57,-07:00,2026-04-09T19:32:57-07:00,4,17
resume.html,22,html,7d4284d3,JaredW022,2026-04-09,19:32:57,-07:00,2026-04-09T19:32:57-07:00,4,19
resume.html,23,html,7d4284d3,JaredW022,2026-04-09,19:32:57,-07:00,2026-04-09T19:32:57-07:00,6,12
resume.html,24,html,7d4284d3,JaredW022,2026-04-09,19:32:57,-07:00,2026-04-09T19:32:57-07:00,6,64
resume.html,25,html,7d4284d3,JaredW022,2026-04-09,19:32:57,-07:00,2026-04-09T19:32:57-07:00,6,67
resume.html,26,html,7d4284d3,JaredW022,2026-04-09,19:32:57,-07:00,2026-04-09T19:32:57-07:00,6,47
resume.html,27,html,7d4284d3,JaredW022,2026-04-09,19:32:57,-07:00,2026-04-09T19:32:57-07:00,4,4
resume.html,28,html,7d4284d3,JaredW022,2026-04-09,19:32:57,-07:00,2026-04-09T19:32:57-07:00,0,0
resume.html,29,html,f9577b8f,JaredW022,2026-04-09,19:29:25,-07:00,2026-04-09T19:29:25-07:00,4,16
resume.html,30,html,f9577b8f,JaredW022,2026-04-09,19:29:25,-07:00,2026-04-09T19:29:25-07:00,0,0
resume.html,31,html,f9577b8f,JaredW022,2026-04-09,19:29:25,-07:00,2026-04-09T19:29:25-07:00,4,7
resume.html,32,html,f9577b8f,JaredW022,2026-04-09,19:29:25,-07:00,2026-04-09T19:29:25-07:00,6,7
resume.html,33,html,f9577b8f,JaredW022,2026-04-09,19:29:25,-07:00,2026-04-09T19:29:25-07:00,8,36
resume.html,34,html,f9577b8f,JaredW022,2026-04-09,19:29:25,-07:00,2026-04-09T19:29:25-07:00,8,1
resume.html,35,html,f9577b8f,JaredW022,2026-04-09,19:29:25,-07:00,2026-04-09T19:29:25-07:00,10,33
resume.html,36,html,f9577b8f,JaredW022,2026-04-09,19:29:25,-07:00,2026-04-09T19:29:25-07:00,10,46
resume.html,37,html,f9577b8f,JaredW022,2026-04-09,19:29:25,-07:00,2026-04-09T19:29:25-07:00,8,2
resume.html,38,html,f9577b8f,JaredW022,2026-04-09,19:29:25,-07:00,2026-04-09T19:29:25-07:00,8,2
resume.html,39,html,f9577b8f,JaredW022,2026-04-09,19:29:25,-07:00,2026-04-09T19:29:25-07:00,10,91
resume.html,40,html,f9577b8f,JaredW022,2026-04-09,19:29:25,-07:00,2026-04-09T19:29:25-07:00,8,3
resume.html,41,html,f9577b8f,JaredW022,2026-04-09,19:29:25,-07:00,2026-04-09T19:29:25-07:00,6,8
resume.html,42,html,f9577b8f,JaredW022,2026-04-09,19:29:25,-07:00,2026-04-09T19:29:25-07:00,0,0
resume.html,43,html,f9577b8f,JaredW022,2026-04-09,19:29:25,-07:00,2026-04-09T19:29:25-07:00,6,7
resume.html,44,html,f9577b8f,JaredW022,2026-04-09,19:29:25,-07:00,2026-04-09T19:29:25-07:00,8,41
resume.html,45,html,f9577b8f,JaredW022,2026-04-09,19:29:25,-07:00,2026-04-09T19:29:25-07:00,8,1
resume.html,46,html,f9577b8f,JaredW022,2026-04-09,19:29:25,-07:00,2026-04-09T19:29:25-07:00,10,56
resume.html,47,html,f9577b8f,JaredW022,2026-04-09,19:29:25,-07:00,2026-04-09T19:29:25-07:00,8,2
resume.html,48,html,f9577b8f,JaredW022,2026-04-09,19:29:25,-07:00,2026-04-09T19:29:25-07:00,8,2
resume.html,49,html,f9577b8f,JaredW022,2026-04-09,19:29:25,-07:00,2026-04-09T19:29:25-07:00,10,44
resume.html,50,html,f9577b8f,JaredW022,2026-04-09,19:29:25,-07:00,2026-04-09T19:29:25-07:00,8,3
resume.html,51,html,f9577b8f,JaredW022,2026-04-09,19:29:25,-07:00,2026-04-09T19:29:25-07:00,6,8
resume.html,52,html,f9577b8f,JaredW022,2026-04-09,19:29:25,-07:00,2026-04-09T19:29:25-07:00,4,8
resume.html,53,html,f9577b8f,JaredW022,2026-04-09,19:29:25,-07:00,2026-04-09T19:29:25-07:00,0,0
resume.html,54,html,f9577b8f,JaredW022,2026-04-09,19:29:25,-07:00,2026-04-09T19:29:25-07:00,4,17
resume.html,55,html,f9577b8f,JaredW022,2026-04-09,19:29:25,-07:00,2026-04-09T19:29:25-07:00,0,0
resume.html,56,html,f9577b8f,JaredW022,2026-04-09,19:29:25,-07:00,2026-04-09T19:29:25-07:00,4,7
resume.html,57,html,f9577b8f,JaredW022,2026-04-09,19:29:25,-07:00,2026-04-09T19:29:25-07:00,6,7
resume.html,58,html,f9577b8f,JaredW022,2026-04-09,19:29:25,-07:00,2026-04-09T19:29:25-07:00,8,22
resume.html,59,html,f9577b8f,JaredW022,2026-04-09,19:29:25,-07:00,2026-04-09T19:29:25-07:00,8,25
resume.html,60,html,f9577b8f,JaredW022,2026-04-09,19:29:25,-07:00,2026-04-09T19:29:25-07:00,10,45
resume.html,61,html,f9577b8f,JaredW022,2026-04-09,19:29:25,-07:00,2026-04-09T19:29:25-07:00,10,43
resume.html,62,html,f9577b8f,JaredW022,2026-04-09,19:29:25,-07:00,2026-04-09T19:29:25-07:00,8,2
resume.html,63,html,f9577b8f,JaredW022,2026-04-09,19:29:25,-07:00,2026-04-09T19:29:25-07:00,8,0
resume.html,64,html,f9577b8f,JaredW022,2026-04-09,19:29:25,-07:00,2026-04-09T19:29:25-07:00,8,2
resume.html,65,html,f9577b8f,JaredW022,2026-04-09,19:29:25,-07:00,2026-04-09T19:29:25-07:00,10,48
resume.html,66,html,f9577b8f,JaredW022,2026-04-09,19:29:25,-07:00,2026-04-09T19:29:25-07:00,10,51
resume.html,67,html,f9577b8f,JaredW022,2026-04-09,19:29:25,-07:00,2026-04-09T19:29:25-07:00,10,40
resume.html,68,html,f9577b8f,JaredW022,2026-04-09,19:29:25,-07:00,2026-04-09T19:29:25-07:00,8,3
resume.html,69,html,f9577b8f,JaredW022,2026-04-09,19:29:25,-07:00,2026-04-09T19:29:25-07:00,6,8
resume.html,70,html,f9577b8f,JaredW022,2026-04-09,19:29:25,-07:00,2026-04-09T19:29:25-07:00,0,0
resume.html,71,html,f9577b8f,JaredW022,2026-04-09,19:29:25,-07:00,2026-04-09T19:29:25-07:00,6,7
resume.html,72,html,f9577b8f,JaredW022,2026-04-09,19:29:25,-07:00,2026-04-09T19:29:25-07:00,8,31
resume.html,73,html,f9577b8f,JaredW022,2026-04-09,19:29:25,-07:00,2026-04-09T19:29:25-07:00,8,21
resume.html,74,html,f9577b8f,JaredW022,2026-04-09,19:29:25,-07:00,2026-04-09T19:29:25-07:00,10,41
resume.html,75,html,f9577b8f,JaredW022,2026-04-09,19:29:25,-07:00,2026-04-09T19:29:25-07:00,10,38
resume.html,76,html,f9577b8f,JaredW022,2026-04-09,19:29:25,-07:00,2026-04-09T19:29:25-07:00,8,2
resume.html,77,html,f9577b8f,JaredW022,2026-04-09,19:29:25,-07:00,2026-04-09T19:29:25-07:00,8,2
resume.html,78,html,f9577b8f,JaredW022,2026-04-09,19:29:25,-07:00,2026-04-09T19:29:25-07:00,10,54
resume.html,79,html,f9577b8f,JaredW022,2026-04-09,19:29:25,-07:00,2026-04-09T19:29:25-07:00,10,62
resume.html,80,html,f9577b8f,JaredW022,2026-04-09,19:29:25,-07:00,2026-04-09T19:29:25-07:00,8,3
resume.html,81,html,f9577b8f,JaredW022,2026-04-09,19:29:25,-07:00,2026-04-09T19:29:25-07:00,6,8
resume.html,82,html,f9577b8f,JaredW022,2026-04-09,19:29:25,-07:00,2026-04-09T19:29:25-07:00,4,8
resume.html,83,html,f9577b8f,JaredW022,2026-04-09,19:29:25,-07:00,2026-04-09T19:29:25-07:00,0,0
resume.html,84,html,f9577b8f,JaredW022,2026-04-09,19:29:25,-07:00,2026-04-09T19:29:25-07:00,4,21
resume.html,85,html,f9577b8f,JaredW022,2026-04-09,19:29:25,-07:00,2026-04-09T19:29:25-07:00,0,0
resume.html,86,html,f9577b8f,JaredW022,2026-04-09,19:29:25,-07:00,2026-04-09T19:29:25-07:00,4,7
resume.html,87,html,f9577b8f,JaredW022,2026-04-09,19:29:25,-07:00,2026-04-09T19:29:25-07:00,6,7
resume.html,88,html,f9577b8f,JaredW022,2026-04-09,19:29:25,-07:00,2026-04-09T19:29:25-07:00,8,32
resume.html,89,html,f9577b8f,JaredW022,2026-04-09,19:29:25,-07:00,2026-04-09T19:29:25-07:00,8,7
resume.html,90,html,f9577b8f,JaredW022,2026-04-09,19:29:25,-07:00,2026-04-09T19:29:25-07:00,10,39
resume.html,91,html,f9577b8f,JaredW022,2026-04-09,19:29:25,-07:00,2026-04-09T19:29:25-07:00,8,2
resume.html,92,html,f9577b8f,JaredW022,2026-04-09,19:29:25,-07:00,2026-04-09T19:29:25-07:00,8,2
resume.html,93,html,f9577b8f,JaredW022,2026-04-09,19:29:25,-07:00,2026-04-09T19:29:25-07:00,10,115
resume.html,94,html,f9577b8f,JaredW022,2026-04-09,19:29:25,-07:00,2026-04-09T19:29:25-07:00,8,3
resume.html,95,html,f9577b8f,JaredW022,2026-04-09,19:29:25,-07:00,2026-04-09T19:29:25-07:00,6,8
resume.html,96,html,f9577b8f,JaredW022,2026-04-09,19:29:25,-07:00,2026-04-09T19:29:25-07:00,0,0
resume.html,97,html,f9577b8f,JaredW022,2026-04-09,19:29:25,-07:00,2026-04-09T19:29:25-07:00,6,7
resume.html,98,html,f9577b8f,JaredW022,2026-04-09,19:29:25,-07:00,2026-04-09T19:29:25-07:00,8,36
resume.html,99,html,f9577b8f,JaredW022,2026-04-09,19:29:25,-07:00,2026-04-09T19:29:25-07:00,8,2
resume.html,100,html,f9577b8f,JaredW022,2026-04-09,19:29:25,-07:00,2026-04-09T19:29:25-07:00,10,102
resume.html,101,html,f9577b8f,JaredW022,2026-04-09,19:29:25,-07:00,2026-04-09T19:29:25-07:00,8,3
resume.html,102,html,f9577b8f,JaredW022,2026-04-09,19:29:25,-07:00,2026-04-09T19:29:25-07:00,6,8
resume.html,103,html,f9577b8f,JaredW022,2026-04-09,19:29:25,-07:00,2026-04-09T19:29:25-07:00,4,8
resume.html,104,html,f9577b8f,JaredW022,2026-04-09,19:29:25,-07:00,2026-04-09T19:29:25-07:00,0,0
resume.html,105,html,f9577b8f,JaredW022,2026-04-09,19:29:25,-07:00,2026-04-09T19:29:25-07:00,4,13
resume.html,106,html,f9577b8f,JaredW022,2026-04-09,19:29:25,-07:00,2026-04-09T19:29:25-07:00,0,0
resume.html,107,html,f9577b8f,JaredW022,2026-04-09,19:29:25,-07:00,2026-04-09T19:29:25-07:00,4,7
resume.html,108,html,f9577b8f,JaredW022,2026-04-09,19:29:25,-07:00,2026-04-09T19:29:25-07:00,6,7
resume.html,109,html,f9577b8f,JaredW022,2026-04-09,19:29:25,-07:00,2026-04-09T19:29:25-07:00,8,27
resume.html,110,html,f9577b8f,JaredW022,2026-04-09,19:29:25,-07:00,2026-04-09T19:29:25-07:00,8,26
resume.html,111,html,f9577b8f,JaredW022,2026-04-09,19:29:25,-07:00,2026-04-09T19:29:25-07:00,8,2
resume.html,112,html,f9577b8f,JaredW022,2026-04-09,19:29:25,-07:00,2026-04-09T19:29:25-07:00,10,77
resume.html,113,html,f9577b8f,JaredW022,2026-04-09,19:29:25,-07:00,2026-04-09T19:29:25-07:00,8,3
resume.html,114,html,f9577b8f,JaredW022,2026-04-09,19:29:25,-07:00,2026-04-09T19:29:25-07:00,6,8
resume.html,115,html,f9577b8f,JaredW022,2026-04-09,19:29:25,-07:00,2026-04-09T19:29:25-07:00,0,0
resume.html,116,html,f9577b8f,JaredW022,2026-04-09,19:29:25,-07:00,2026-04-09T19:29:25-07:00,6,7
resume.html,117,html,f9577b8f,JaredW022,2026-04-09,19:29:25,-07:00,2026-04-09T19:29:25-07:00,8,43
resume.html,118,html,f9577b8f,JaredW022,2026-04-09,19:29:25,-07:00,2026-04-09T19:29:25-07:00,8,16
resume.html,119,html,f9577b8f,JaredW022,2026-04-09,19:29:25,-07:00,2026-04-09T19:29:25-07:00,8,2
resume.html,120,html,f9577b8f,JaredW022,2026-04-09,19:29:25,-07:00,2026-04-09T19:29:25-07:00,10,65
resume.html,121,html,f9577b8f,JaredW022,2026-04-09,19:29:25,-07:00,2026-04-09T19:29:25-07:00,8,3
resume.html,122,html,f9577b8f,JaredW022,2026-04-09,19:29:25,-07:00,2026-04-09T19:29:25-07:00,6,8
resume.html,123,html,f9577b8f,JaredW022,2026-04-09,19:29:25,-07:00,2026-04-09T19:29:25-07:00,0,0
resume.html,124,html,f9577b8f,JaredW022,2026-04-09,19:29:25,-07:00,2026-04-09T19:29:25-07:00,6,7
resume.html,125,html,f9577b8f,JaredW022,2026-04-09,19:29:25,-07:00,2026-04-09T19:29:25-07:00,8,39
resume.html,126,html,f9577b8f,JaredW022,2026-04-09,19:29:25,-07:00,2026-04-09T19:29:25-07:00,8,1
resume.html,127,html,f9577b8f,JaredW022,2026-04-09,19:29:25,-07:00,2026-04-09T19:29:25-07:00,10,32
resume.html,128,html,f9577b8f,JaredW022,2026-04-09,19:29:25,-07:00,2026-04-09T19:29:25-07:00,10,31
resume.html,129,html,f9577b8f,JaredW022,2026-04-09,19:29:25,-07:00,2026-04-09T19:29:25-07:00,8,2
resume.html,130,html,f9577b8f,JaredW022,2026-04-09,19:29:25,-07:00,2026-04-09T19:29:25-07:00,8,2
resume.html,131,html,f9577b8f,JaredW022,2026-04-09,19:29:25,-07:00,2026-04-09T19:29:25-07:00,10,68
resume.html,132,html,f9577b8f,JaredW022,2026-04-09,19:29:25,-07:00,2026-04-09T19:29:25-07:00,8,3
resume.html,133,html,f9577b8f,JaredW022,2026-04-09,19:29:25,-07:00,2026-04-09T19:29:25-07:00,6,8
resume.html,134,html,f9577b8f,JaredW022,2026-04-09,19:29:25,-07:00,2026-04-09T19:29:25-07:00,4,8
resume.html,135,html,f9577b8f,JaredW022,2026-04-09,19:29:25,-07:00,2026-04-09T19:29:25-07:00,0,0
resume.html,136,html,f9577b8f,JaredW022,2026-04-09,19:29:25,-07:00,2026-04-09T19:29:25-07:00,2,4
resume.html,137,html,b1edc77a,JaredW022,2026-04-02,16:57:47,-07:00,2026-04-02T16:57:47-07:00,0,0
resume.html,138,html,b1edc77a,JaredW022,2026-04-02,16:57:47,-07:00,2026-04-02T16:57:47-07:00,0,5
resume.html,139,html,b1edc77a,JaredW022,2026-04-02,16:57:47,-07:00,2026-04-02T16:57:47-07:00,0,5
index.js,1,js,a8acd3b1,JaredW022,2026-04-24,21:38:36,-07:00,2026-04-24T21:38:36-07:00,0,70
index.js,2,js,1e249413,JaredW022,2026-04-24,21:14:54,-07:00,2026-04-24T21:14:54-07:00,0,0
index.js,3,js,1e249413,JaredW022,2026-04-24,21:14:54,-07:00,2026-04-24T21:14:54-07:00,0,54
index.js,4,js,1e249413,JaredW022,2026-04-24,21:14:54,-07:00,2026-04-24T21:14:54-07:00,0,42
index.js,5,js,1e249413,JaredW022,2026-04-24,21:14:54,-07:00,2026-04-24T21:14:54-07:00,0,0
index.js,6,js,1e249413,JaredW022,2026-04-24,21:14:54,-07:00,2026-04-24T21:14:54-07:00,0,60
index.js,7,js,1e249413,JaredW022,2026-04-24,21:14:54,-07:00,2026-04-24T21:14:54-07:00,0,0
index.js,8,js,4eef3c9a,JaredW022,2026-04-24,21:36:23,-07:00,2026-04-24T21:36:23-07:00,0,54
index.js,9,js,4eef3c9a,JaredW022,2026-04-24,21:36:23,-07:00,2026-04-24T21:36:23-07:00,0,0
index.js,10,js,ec55c336,JaredW022,2026-04-24,21:41:03,-07:00,2026-04-24T21:41:03-07:00,0,52
index.js,11,js,4eef3c9a,JaredW022,2026-04-24,21:36:23,-07:00,2026-04-24T21:36:23-07:00,0,60
index.js,12,js,4eef3c9a,JaredW022,2026-04-24,21:36:23,-07:00,2026-04-24T21:36:23-07:00,0,0
index.js,13,js,4eef3c9a,JaredW022,2026-04-24,21:36:23,-07:00,2026-04-24T21:36:23-07:00,0,17
index.js,14,js,4eef3c9a,JaredW022,2026-04-24,21:36:23,-07:00,2026-04-24T21:36:23-07:00,1,24
index.js,15,js,4eef3c9a,JaredW022,2026-04-24,21:36:23,-07:00,2026-04-24T21:36:23-07:00,4,2
index.js,16,js,4eef3c9a,JaredW022,2026-04-24,21:36:23,-07:00,2026-04-24T21:36:23-07:00,5,55
index.js,17,js,4eef3c9a,JaredW022,2026-04-24,21:36:23,-07:00,2026-04-24T21:36:23-07:00,5,55
index.js,18,js,4eef3c9a,JaredW022,2026-04-24,21:36:23,-07:00,2026-04-24T21:36:23-07:00,5,49
index.js,19,js,4eef3c9a,JaredW022,2026-04-24,21:36:23,-07:00,2026-04-24T21:36:23-07:00,5,49
index.js,20,js,4eef3c9a,JaredW022,2026-04-24,21:36:23,-07:00,2026-04-24T21:36:23-07:00,4,3
index.js,21,js,4eef3c9a,JaredW022,2026-04-24,21:36:23,-07:00,2026-04-24T21:36:23-07:00,2,0
index.js,22,js,4eef3c9a,JaredW022,2026-04-24,21:36:23,-07:00,2026-04-24T21:36:23-07:00,0,0
index.html,1,html,890e2bac,JaredW022,2026-04-01,19:36:07,-07:00,2026-04-01T19:36:07-07:00,0,13
index.html,2,html,890e2bac,JaredW022,2026-04-01,19:36:07,-07:00,2026-04-01T19:36:07-07:00,0,14
index.html,3,html,890e2bac,JaredW022,2026-04-01,19:36:07,-07:00,2026-04-01T19:36:07-07:00,0,4
index.html,4,html,890e2bac,JaredW022,2026-04-01,19:36:07,-07:00,2026-04-01T19:36:07-07:00,2,20
index.html,5,html,890e2bac,JaredW022,2026-04-01,19:36:07,-07:00,2026-04-01T19:36:07-07:00,2,68
index.html,6,html,890e2bac,JaredW022,2026-04-01,19:36:07,-07:00,2026-04-01T19:36:07-07:00,2,52
index.html,7,html,6668511a,JaredW022,2026-04-01,19:55:20,-07:00,2026-04-01T19:55:20-07:00,2,38
index.html,8,html,890e2bac,JaredW022,2026-04-01,19:36:07,-07:00,2026-04-01T19:36:07-07:00,0,5
index.html,9,html,890e2bac,JaredW022,2026-04-01,19:36:07,-07:00,2026-04-01T19:36:07-07:00,0,4
index.html,10,html,c29d43a1,JaredW022,2026-04-24,21:20:22,-07:00,2026-04-24T21:20:22-07:00,2,51
index.html,11,html,1e249413,JaredW022,2026-04-24,21:14:54,-07:00,2026-04-24T21:14:54-07:00,2,50
index.html,12,html,b15f091b,JaredW022,2026-04-17,15:28:22,-07:00,2026-04-17T15:28:22-07:00,2,0
index.html,13,html,5faa41bd,JaredW022,2026-04-17,14:12:37,-07:00,2026-04-17T14:12:37-07:00,2,8
index.html,14,html,573731d4,JaredW022,2026-04-17,13:22:37,-07:00,2026-04-17T13:22:37-07:00,4,27
index.html,15,html,d7efba8b,JaredW022,2026-04-09,14:29:11,-07:00,2026-04-09T14:29:11-07:00,4,40
index.html,16,html,d7efba8b,JaredW022,2026-04-09,14:29:11,-07:00,2026-04-09T14:29:11-07:00,4,38
index.html,17,html,d7efba8b,JaredW022,2026-04-09,14:29:11,-07:00,2026-04-09T14:29:11-07:00,4,63
index.html,18,html,d7efba8b,JaredW022,2026-04-09,14:29:11,-07:00,2026-04-09T14:29:11-07:00,4,30
index.html,19,html,5faa41bd,JaredW022,2026-04-17,14:12:37,-07:00,2026-04-17T14:12:37-07:00,2,8
index.html,20,html,d7efba8b,JaredW022,2026-04-09,14:29:11,-07:00,2026-04-09T14:29:11-07:00,0,0
index.html,21,html,835ea8cd,JaredW022,2026-04-01,20:06:21,-07:00,2026-04-01T20:06:21-07:00,2,2
index.html,22,html,835ea8cd,JaredW022,2026-04-01,20:06:21,-07:00,2026-04-01T20:06:21-07:00,4,8
index.html,23,html,835ea8cd,JaredW022,2026-04-01,20:06:21,-07:00,2026-04-01T20:06:21-07:00,2,3
index.html,24,html,1087aa57,JaredW022,2026-04-09,17:38:41,-07:00,2026-04-09T17:38:41-07:00,2,0
index.html,25,html,518a420e,JaredW022,2026-04-17,16:47:39,-07:00,2026-04-17T16:47:39-07:00,2,113
index.html,26,html,1087aa57,JaredW022,2026-04-09,17:38:41,-07:00,2026-04-09T17:38:41-07:00,0,0
index.html,27,html,835ea8cd,JaredW022,2026-04-01,20:06:21,-07:00,2026-04-01T20:06:21-07:00,2,1
index.html,28,html,835ea8cd,JaredW022,2026-04-01,20:06:21,-07:00,2026-04-01T20:06:21-07:00,4,120
index.html,29,html,835ea8cd,JaredW022,2026-04-01,20:06:21,-07:00,2026-04-01T20:06:21-07:00,2,2
index.html,30,html,1e249413,JaredW022,2026-04-24,21:14:54,-07:00,2026-04-24T21:14:54-07:00,0,0
index.html,31,html,1e249413,JaredW022,2026-04-24,21:14:54,-07:00,2026-04-24T21:14:54-07:00,2,22
index.html,32,html,1e249413,JaredW022,2026-04-24,21:14:54,-07:00,2026-04-24T21:14:54-07:00,2,20
index.html,33,html,1e249413,JaredW022,2026-04-24,21:14:54,-07:00,2026-04-24T21:14:54-07:00,4,49
index.html,34,html,1e249413,JaredW022,2026-04-24,21:14:54,-07:00,2026-04-24T21:14:54-07:00,2,4
index.html,35,html,1087aa57,JaredW022,2026-04-09,17:38:41,-07:00,2026-04-09T17:38:41-07:00,2,0
index.html,36,html,4eef3c9a,JaredW022,2026-04-24,21:36:23,-07:00,2026-04-24T21:36:23-07:00,2,27
index.html,37,html,4eef3c9a,JaredW022,2026-04-24,21:36:23,-07:00,2026-04-24T21:36:23-07:00,2,28
index.html,38,html,4eef3c9a,JaredW022,2026-04-24,21:36:23,-07:00,2026-04-24T21:36:23-07:00,0,0
index.html,39,html,4eef3c9a,JaredW022,2026-04-24,21:36:23,-07:00,2026-04-24T21:36:23-07:00,0,0
index.html,40,html,890e2bac,JaredW022,2026-04-01,19:36:07,-07:00,2026-04-01T19:36:07-07:00,0,5
index.html,41,html,890e2bac,JaredW022,2026-04-01,19:36:07,-07:00,2026-04-01T19:36:07-07:00,0,5
global.js,1,js,05ca2790,JaredW022,2026-04-17,13:12:48,-07:00,2026-04-17T13:12:48-07:00,0,25
global.js,2,js,05ca2790,JaredW022,2026-04-17,13:12:48,-07:00,2026-04-17T13:12:48-07:00,0,0
global.js,3,js,05ca2790,JaredW022,2026-04-17,13:12:48,-07:00,2026-04-17T13:12:48-07:00,0,41
global.js,4,js,5faa41bd,JaredW022,2026-04-17,14:12:37,-07:00,2026-04-17T14:12:37-07:00,2,52
global.js,5,js,573731d4,JaredW022,2026-04-17,13:22:37,-07:00,2026-04-17T13:22:37-07:00,0,0
global.js,6,js,573731d4,JaredW022,2026-04-17,13:22:37,-07:00,2026-04-17T13:22:37-07:00,0,0
global.js,7,js,7b823bf9,JaredW022,2026-04-17,14:21:29,-07:00,2026-04-17T14:21:29-07:00,0,88
global.js,8,js,7b823bf9,JaredW022,2026-04-17,14:21:29,-07:00,2026-04-17T14:21:29-07:00,2,36
global.js,9,js,8e01c2a1,JaredW022,2026-04-17,14:29:38,-07:00,2026-04-17T14:29:38-07:00,2,48
global.js,10,js,7b823bf9,JaredW022,2026-04-17,14:21:29,-07:00,2026-04-17T14:21:29-07:00,0,0
global.js,11,js,5faa41bd,JaredW022,2026-04-17,14:12:37,-07:00,2026-04-17T14:12:37-07:00,0,11
global.js,12,js,5faa41bd,JaredW022,2026-04-17,14:12:37,-07:00,2026-04-17T14:12:37-07:00,2,25
global.js,13,js,5faa41bd,JaredW022,2026-04-17,14:12:37,-07:00,2026-04-17T14:12:37-07:00,2,38
global.js,14,js,5faa41bd,JaredW022,2026-04-17,14:12:37,-07:00,2026-04-17T14:12:37-07:00,2,36
global.js,15,js,8759e881,JaredW022,2026-04-17,14:31:11,-07:00,2026-04-17T14:31:11-07:00,2,55
global.js,16,js,733b2362,JaredW022,2026-04-17,14:40:42,-07:00,2026-04-17T14:40:42-07:00,2,36
global.js,17,js,5faa41bd,JaredW022,2026-04-17,14:12:37,-07:00,2026-04-17T14:12:37-07:00,0,0
global.js,18,js,5faa41bd,JaredW022,2026-04-17,14:12:37,-07:00,2026-04-17T14:12:37-07:00,0,0
global.js,19,js,5faa41bd,JaredW022,2026-04-17,14:12:37,-07:00,2026-04-17T14:12:37-07:00,0,38
global.js,20,js,5faa41bd,JaredW022,2026-04-17,14:12:37,-07:00,2026-04-17T14:12:37-07:00,0,25
global.js,21,js,5faa41bd,JaredW022,2026-04-17,14:12:37,-07:00,2026-04-17T14:12:37-07:00,0,0
global.js,22,js,5faa41bd,JaredW022,2026-04-17,14:12:37,-07:00,2026-04-17T14:12:37-07:00,0,20
global.js,23,js,5faa41bd,JaredW022,2026-04-17,14:12:37,-07:00,2026-04-17T14:12:37-07:00,2,14
global.js,24,js,5faa41bd,JaredW022,2026-04-17,14:12:37,-07:00,2026-04-17T14:12:37-07:00,2,18
global.js,25,js,7b823bf9,JaredW022,2026-04-17,14:21:29,-07:00,2026-04-17T14:21:29-07:00,2,0
global.js,26,js,7b823bf9,JaredW022,2026-04-17,14:21:29,-07:00,2026-04-17T14:21:29-07:00,2,52
global.js,27,js,7b823bf9,JaredW022,2026-04-17,14:21:29,-07:00,2026-04-17T14:21:29-07:00,0,0
global.js,28,js,b52f4ff5,JaredW022,2026-04-17,14:38:25,-07:00,2026-04-17T14:38:25-07:00,2,34
global.js,29,js,b52f4ff5,JaredW022,2026-04-17,14:38:25,-07:00,2026-04-17T14:38:25-07:00,2,11
global.js,30,js,b52f4ff5,JaredW022,2026-04-17,14:38:25,-07:00,2026-04-17T14:38:25-07:00,2,20
global.js,31,js,c4bf9c8f,JaredW022,2026-04-17,20:40:26,-07:00,2026-04-17T20:40:26-07:00,0,0
global.js,32,js,c4bf9c8f,JaredW022,2026-04-17,20:40:26,-07:00,2026-04-17T20:40:26-07:00,2,27
global.js,33,js,c4bf9c8f,JaredW022,2026-04-17,20:40:26,-07:00,2026-04-17T20:40:26-07:00,4,18
global.js,34,js,c4bf9c8f,JaredW022,2026-04-17,20:40:26,-07:00,2026-04-17T20:40:26-07:00,4,28
global.js,35,js,c4bf9c8f,JaredW022,2026-04-17,20:40:26,-07:00,2026-04-17T20:40:26-07:00,2,0
global.js,36,js,c4bf9c8f,JaredW022,2026-04-17,20:40:26,-07:00,2026-04-17T20:40:26-07:00,0,0
global.js,37,js,b52f4ff5,JaredW022,2026-04-17,14:38:25,-07:00,2026-04-17T14:38:25-07:00,2,12
global.js,38,js,7b823bf9,JaredW022,2026-04-17,14:21:29,-07:00,2026-04-17T14:21:29-07:00,0,0
global.js,39,js,747f8a7b,JaredW022,2026-04-17,16:42:23,-07:00,2026-04-17T16:42:23-07:00,2,65
global.js,40,js,747f8a7b,JaredW022,2026-04-17,16:42:23,-07:00,2026-04-17T16:42:23-07:00,4,25
global.js,41,js,747f8a7b,JaredW022,2026-04-17,16:42:23,-07:00,2026-04-17T16:42:23-07:00,2,0
global.js,42,js,747f8a7b,JaredW022,2026-04-17,16:42:23,-07:00,2026-04-17T16:42:23-07:00,0,0
global.js,43,js,6ddee147,JaredW022,2026-04-17,15:20:28,-07:00,2026-04-17T15:20:28-07:00,0,0
global.js,44,js,6ddee147,JaredW022,2026-04-17,15:20:28,-07:00,2026-04-17T15:20:28-07:00,0,31
global.js,45,js,6ddee147,JaredW022,2026-04-17,15:20:28,-07:00,2026-04-17T15:20:28-07:00,1,11
global.js,46,js,6ddee147,JaredW022,2026-04-17,15:20:28,-07:00,2026-04-17T15:20:28-07:00,1,0
global.js,47,js,6ddee147,JaredW022,2026-04-17,15:20:28,-07:00,2026-04-17T15:20:28-07:00,1,26
global.js,48,js,6ddee147,JaredW022,2026-04-17,15:20:28,-07:00,2026-04-17T15:20:28-07:00,2,4
global.js,49,js,6ddee147,JaredW022,2026-04-17,15:20:28,-07:00,2026-04-17T15:20:28-07:00,2,31
global.js,50,js,6ddee147,JaredW022,2026-04-17,15:20:28,-07:00,2026-04-17T15:20:28-07:00,3,43
global.js,51,js,6ddee147,JaredW022,2026-04-17,15:20:28,-07:00,2026-04-17T15:20:28-07:00,3,34
global.js,52,js,6ddee147,JaredW022,2026-04-17,15:20:28,-07:00,2026-04-17T15:20:28-07:00,3,32
global.js,53,js,6ddee147,JaredW022,2026-04-17,15:20:28,-07:00,2026-04-17T15:20:28-07:00,2,7
global.js,54,js,6ddee147,JaredW022,2026-04-17,15:20:28,-07:00,2026-04-17T15:20:28-07:00,1,6
global.js,55,js,6ddee147,JaredW022,2026-04-17,15:20:28,-07:00,2026-04-17T15:20:28-07:00,1,0
global.js,56,js,6ddee147,JaredW022,2026-04-17,15:20:28,-07:00,2026-04-17T15:20:28-07:00,0,0
global.js,57,js,6ddee147,JaredW022,2026-04-17,15:20:28,-07:00,2026-04-17T15:20:28-07:00,0,0
global.js,58,js,6ddee147,JaredW022,2026-04-17,15:20:28,-07:00,2026-04-17T15:20:28-07:00,0,60
global.js,59,js,6ddee147,JaredW022,2026-04-17,15:20:28,-07:00,2026-04-17T15:20:28-07:00,0,0
global.js,60,js,97471dd1,JaredW022,2026-04-17,17:36:52,-07:00,2026-04-17T17:36:52-07:00,0,34
global.js,61,js,97471dd1,JaredW022,2026-04-17,17:36:52,-07:00,2026-04-17T17:36:52-07:00,1,37
global.js,62,js,97471dd1,JaredW022,2026-04-17,17:36:52,-07:00,2026-04-17T17:36:52-07:00,1,49
global.js,63,js,97471dd1,JaredW022,2026-04-17,17:36:52,-07:00,2026-04-17T17:36:52-07:00,1,19
global.js,64,js,97471dd1,JaredW022,2026-04-17,17:36:52,-07:00,2026-04-17T17:36:52-07:00,0,0
global.js,65,js,97471dd1,JaredW022,2026-04-17,17:36:52,-07:00,2026-04-17T17:36:52-07:00,0,0
global.js,66,js,6ddee147,JaredW022,2026-04-17,15:20:28,-07:00,2026-04-17T15:20:28-07:00,0,39
global.js,67,js,97471dd1,JaredW022,2026-04-17,17:36:52,-07:00,2026-04-17T17:36:52-07:00,1,56
global.js,68,js,97471dd1,JaredW022,2026-04-17,17:36:52,-07:00,2026-04-17T17:36:52-07:00,1,38
global.js,69,js,bdb8c21d,JaredW022,2026-04-24,19:46:26,-07:00,2026-04-24T19:46:26-07:00,0,1
global.js,70,js,bdb8c21d,JaredW022,2026-04-24,19:46:26,-07:00,2026-04-24T19:46:26-07:00,0,0
global.js,71,js,bdb8c21d,JaredW022,2026-04-24,19:46:26,-07:00,2026-04-24T19:46:26-07:00,0,36
global.js,72,js,bdb8c21d,JaredW022,2026-04-24,19:46:26,-07:00,2026-04-24T19:46:26-07:00,1,3
global.js,73,js,bdb8c21d,JaredW022,2026-04-24,19:46:26,-07:00,2026-04-24T19:46:26-07:00,2,39
global.js,74,js,bdb8c21d,JaredW022,2026-04-24,19:46:26,-07:00,2026-04-24T19:46:26-07:00,2,32
global.js,75,js,bdb8c21d,JaredW022,2026-04-24,19:46:26,-07:00,2026-04-24T19:46:26-07:00,0,0
global.js,76,js,bdb8c21d,JaredW022,2026-04-24,19:46:26,-07:00,2026-04-24T19:46:26-07:00,2,17
global.js,77,js,bdb8c21d,JaredW022,2026-04-24,19:46:26,-07:00,2026-04-24T19:46:26-07:00,3,66
global.js,78,js,bdb8c21d,JaredW022,2026-04-24,19:46:26,-07:00,2026-04-24T19:46:26-07:00,2,0
global.js,79,js,bdb8c21d,JaredW022,2026-04-24,19:46:26,-07:00,2026-04-24T19:46:26-07:00,0,0
global.js,80,js,bdb8c21d,JaredW022,2026-04-24,19:46:26,-07:00,2026-04-24T19:46:26-07:00,2,33
global.js,81,js,bdb8c21d,JaredW022,2026-04-24,19:46:26,-07:00,2026-04-24T19:46:26-07:00,2,10
global.js,82,js,bdb8c21d,JaredW022,2026-04-24,19:46:26,-07:00,2026-04-24T19:46:26-07:00,0,0
global.js,83,js,bdb8c21d,JaredW022,2026-04-24,19:46:26,-07:00,2026-04-24T19:46:26-07:00,1,15
global.js,84,js,bdb8c21d,JaredW022,2026-04-24,19:46:26,-07:00,2026-04-24T19:46:26-07:00,2,59
global.js,85,js,bdb8c21d,JaredW022,2026-04-24,19:46:26,-07:00,2026-04-24T19:46:26-07:00,1,0
global.js,86,js,bdb8c21d,JaredW022,2026-04-24,19:46:26,-07:00,2026-04-24T19:46:26-07:00,0,0
global.js,87,js,bdb8c21d,JaredW022,2026-04-24,19:46:26,-07:00,2026-04-24T19:46:26-07:00,0,0
global.js,88,js,6695a8e0,JaredW022,2026-04-24,19:51:16,-07:00,2026-04-24T19:51:16-07:00,0,79
global.js,89,js,bdb8c21d,JaredW022,2026-04-24,19:46:26,-07:00,2026-04-24T19:46:26-07:00,1,30
global.js,90,js,bdb8c21d,JaredW022,2026-04-24,19:46:26,-07:00,2026-04-24T19:46:26-07:00,0,0
global.js,91,js,6695a8e0,JaredW022,2026-04-24,19:51:16,-07:00,2026-04-24T19:51:16-07:00,1,27
global.js,92,js,6695a8e0,JaredW022,2026-04-24,19:51:16,-07:00,2026-04-24T19:51:16-07:00,2,48
global.js,93,js,bdb8c21d,JaredW022,2026-04-24,19:46:26,-07:00,2026-04-24T19:46:26-07:00,0,0
global.js,94,js,6695a8e0,JaredW022,2026-04-24,19:51:16,-07:00,2026-04-24T19:51:16-07:00,2,19
global.js,95,js,6695a8e0,JaredW022,2026-04-24,19:51:16,-07:00,2026-04-24T19:51:16-07:00,3,49
global.js,96,js,6695a8e0,JaredW022,2026-04-24,19:51:16,-07:00,2026-04-24T19:51:16-07:00,3,49
global.js,97,js,5a6b70d9,JaredW022,2026-05-01,13:19:09,-07:00,2026-05-01T13:19:09-07:00,3,46
global.js,98,js,6695a8e0,JaredW022,2026-04-24,19:51:16,-07:00,2026-04-24T19:51:16-07:00,2,0
global.js,99,js,bdb8c21d,JaredW022,2026-04-24,19:46:26,-07:00,2026-04-24T19:46:26-07:00,0,0
global.js,100,js,6695a8e0,JaredW022,2026-04-24,19:51:16,-07:00,2026-04-24T19:51:16-07:00,2,36
global.js,101,js,6695a8e0,JaredW022,2026-04-24,19:51:16,-07:00,2026-04-24T19:51:16-07:00,1,1
global.js,102,js,6695a8e0,JaredW022,2026-04-24,19:51:16,-07:00,2026-04-24T19:51:16-07:00,0,0
global.js,103,js,18cdd224,JaredW022,2026-04-24,21:24:49,-07:00,2026-04-24T21:24:49-07:00,0,0
global.js,104,js,4eef3c9a,JaredW022,2026-04-24,21:36:23,-07:00,2026-04-24T21:36:23-07:00,0,47
global.js,105,js,4eef3c9a,JaredW022,2026-04-24,21:36:23,-07:00,2026-04-24T21:36:23-07:00,1,59
global.js,106,js,18cdd224,JaredW022,2026-04-24,21:24:49,-07:00,2026-04-24T21:24:49-07:00,0,0
projects\projects.js,1,js,e943689a,JaredW022,2026-05-01,15:49:34,-07:00,2026-05-01T15:49:34-07:00,0,63
projects\projects.js,2,js,bdb8c21d,JaredW022,2026-04-24,19:46:26,-07:00,2026-04-24T19:46:26-07:00,0,55
projects\projects.js,3,js,bdb8c21d,JaredW022,2026-04-24,19:46:26,-07:00,2026-04-24T19:46:26-07:00,0,0
projects\projects.js,4,js,9f16ae0d,JaredW022,2026-04-24,19:48:40,-07:00,2026-04-24T19:48:40-07:00,0,55
projects\projects.js,5,js,bdb8c21d,JaredW022,2026-04-24,19:46:26,-07:00,2026-04-24T19:46:26-07:00,0,0
projects\projects.js,6,js,418516b8,JaredW022,2026-04-24,20:11:20,-07:00,2026-04-24T20:11:20-07:00,0,61
projects\projects.js,7,js,b907a191,JaredW022,2026-04-24,20:13:42,-07:00,2026-04-24T20:13:42-07:00,0,55
projects\projects.js,8,js,418516b8,JaredW022,2026-04-24,20:11:20,-07:00,2026-04-24T20:11:20-07:00,0,0
projects\projects.js,9,js,9f16ae0d,JaredW022,2026-04-24,19:48:40,-07:00,2026-04-24T19:48:40-07:00,0,60
projects\projects.js,10,js,9f16ae0d,JaredW022,2026-04-24,19:48:40,-07:00,2026-04-24T19:48:40-07:00,0,0
projects\projects.js,11,js,9f16ae0d,JaredW022,2026-04-24,19:48:40,-07:00,2026-04-24T19:48:40-07:00,0,48
projects\projects.js,12,js,e943689a,JaredW022,2026-05-01,15:49:34,-07:00,2026-05-01T15:49:34-07:00,0,0
projects\projects.js,13,js,abff0b1b,JaredW022,2026-05-01,21:00:42,-07:00,2026-05-01T21:00:42-07:00,0,20
projects\projects.js,14,js,abff0b1b,JaredW022,2026-05-01,21:00:42,-07:00,2026-05-01T21:00:42-07:00,0,0
projects\projects.js,15,js,e943689a,JaredW022,2026-05-01,15:49:34,-07:00,2026-05-01T15:49:34-07:00,0,25
projects\projects.js,16,js,849ff6df,JaredW022,2026-05-01,20:00:33,-07:00,2026-05-01T20:00:33-07:00,2,13
projects\projects.js,17,js,849ff6df,JaredW022,2026-05-01,20:00:33,-07:00,2026-05-01T20:00:33-07:00,2,15
projects\projects.js,18,js,e943689a,JaredW022,2026-05-01,15:49:34,-07:00,2026-05-01T15:49:34-07:00,0,0
projects\projects.js,19,js,205d50e1,JaredW022,2026-05-01,19:46:20,-07:00,2026-05-01T19:46:20-07:00,0,26
projects\projects.js,20,js,849ff6df,JaredW022,2026-05-01,20:00:33,-07:00,2026-05-01T20:00:33-07:00,2,7
projects\projects.js,21,js,849ff6df,JaredW022,2026-05-01,20:00:33,-07:00,2026-05-01T20:00:33-07:00,2,14
projects\projects.js,22,js,849ff6df,JaredW022,2026-05-01,20:00:33,-07:00,2026-05-01T20:00:33-07:00,2,12
projects\projects.js,23,js,205d50e1,JaredW022,2026-05-01,19:46:20,-07:00,2026-05-01T19:46:20-07:00,0,0
projects\projects.js,24,js,205d50e1,JaredW022,2026-05-01,19:46:20,-07:00,2026-05-01T19:46:20-07:00,0,0
projects\projects.js,25,js,205d50e1,JaredW022,2026-05-01,19:46:20,-07:00,2026-05-01T19:46:20-07:00,0,44
projects\projects.js,26,js,849ff6df,JaredW022,2026-05-01,20:00:33,-07:00,2026-05-01T20:00:33-07:00,2,35
projects\projects.js,27,js,205d50e1,JaredW022,2026-05-01,19:46:20,-07:00,2026-05-01T19:46:20-07:00,0,1
projects\projects.js,28,js,28829f95,JaredW022,2026-05-01,17:26:00,-07:00,2026-05-01T17:26:00-07:00,0,0
projects\projects.js,29,js,28829f95,JaredW022,2026-05-01,17:26:00,-07:00,2026-05-01T17:26:00-07:00,0,50
projects\projects.js,30,js,d3fa7b0c,JaredW022,2026-05-01,17:13:42,-07:00,2026-05-01T17:13:42-07:00,0,33
projects\projects.js,31,js,d3fa7b0c,JaredW022,2026-05-01,17:13:42,-07:00,2026-05-01T17:13:42-07:00,0,45
projects\projects.js,32,js,20258b45,JaredW022,2026-05-01,17:09:28,-07:00,2026-05-01T17:09:28-07:00,0,0
projects\projects.js,33,js,b518ed2b,JaredW022,2026-05-01,17:15:30,-07:00,2026-05-01T17:15:30-07:00,0,47
projects\projects.js,34,js,ff36d7a1,JaredW022,2026-05-01,17:10:18,-07:00,2026-05-01T17:10:18-07:00,0,0
projects\projects.js,35,js,849ff6df,JaredW022,2026-05-01,20:00:33,-07:00,2026-05-01T20:00:33-07:00,0,53
projects\projects.js,36,js,849ff6df,JaredW022,2026-05-01,20:00:33,-07:00,2026-05-01T20:00:33-07:00,0,0
projects\projects.js,37,js,acc52e49,JaredW022,2026-05-01,20:09:25,-07:00,2026-05-01T20:09:25-07:00,0,20
projects\projects.js,38,js,acc52e49,JaredW022,2026-05-01,20:09:25,-07:00,2026-05-01T20:09:25-07:00,2,18
projects\projects.js,39,js,acc52e49,JaredW022,2026-05-01,20:09:25,-07:00,2026-05-01T20:09:25-07:00,0,0
projects\projects.js,40,js,acc52e49,JaredW022,2026-05-01,20:09:25,-07:00,2026-05-01T20:09:25-07:00,2,35
projects\projects.js,41,js,acc52e49,JaredW022,2026-05-01,20:09:25,-07:00,2026-05-01T20:09:25-07:00,4,59
projects\projects.js,42,js,acc52e49,JaredW022,2026-05-01,20:09:25,-07:00,2026-05-01T20:09:25-07:00,4,24
projects\projects.js,43,js,acc52e49,JaredW022,2026-05-01,20:09:25,-07:00,2026-05-01T20:09:25-07:00,2,1
projects\projects.js,44,js,acc52e49,JaredW022,2026-05-01,20:09:25,-07:00,2026-05-01T20:09:25-07:00,0,0
projects\projects.js,45,js,acc52e49,JaredW022,2026-05-01,20:09:25,-07:00,2026-05-01T20:09:25-07:00,0,0
projects\projects.js,46,js,abff0b1b,JaredW022,2026-05-01,21:00:42,-07:00,2026-05-01T21:00:42-07:00,0,48
projects\projects.js,47,js,abff0b1b,JaredW022,2026-05-01,21:00:42,-07:00,2026-05-01T21:00:42-07:00,2,32
projects\projects.js,48,js,abff0b1b,JaredW022,2026-05-01,21:00:42,-07:00,2026-05-01T21:00:42-07:00,0,0
projects\projects.js,49,js,abff0b1b,JaredW022,2026-05-01,21:00:42,-07:00,2026-05-01T21:00:42-07:00,2,44
projects\projects.js,50,js,abff0b1b,JaredW022,2026-05-01,21:00:42,-07:00,2026-05-01T21:00:42-07:00,0,0
projects\projects.js,51,js,abff0b1b,JaredW022,2026-05-01,21:00:42,-07:00,2026-05-01T21:00:42-07:00,2,56
projects\projects.js,52,js,abff0b1b,JaredW022,2026-05-01,21:00:42,-07:00,2026-05-01T21:00:42-07:00,2,31
projects\projects.js,53,js,abff0b1b,JaredW022,2026-05-01,21:00:42,-07:00,2026-05-01T21:00:42-07:00,0,1
projects\projects.js,54,js,abff0b1b,JaredW022,2026-05-01,21:00:42,-07:00,2026-05-01T21:00:42-07:00,0,0
projects\projects.js,55,js,dd1e7069,JaredW022,2026-05-01,20:47:33,-07:00,2026-05-01T20:47:33-07:00,0,21
projects\projects.js,56,js,dd1e7069,JaredW022,2026-05-01,20:47:33,-07:00,2026-05-01T20:47:33-07:00,0,0
projects\projects.js,57,js,117b96f3,JaredW022,2026-05-01,21:27:48,-07:00,2026-05-01T21:27:48-07:00,0,38
projects\projects.js,58,js,117b96f3,JaredW022,2026-05-01,21:27:48,-07:00,2026-05-01T21:27:48-07:00,2,29
projects\projects.js,59,js,117b96f3,JaredW022,2026-05-01,21:27:48,-07:00,2026-05-01T21:27:48-07:00,4,12
projects\projects.js,60,js,117b96f3,JaredW022,2026-05-01,21:27:48,-07:00,2026-05-01T21:27:48-07:00,4,12
projects\projects.js,61,js,117b96f3,JaredW022,2026-05-01,21:27:48,-07:00,2026-05-01T21:27:48-07:00,4,9
projects\projects.js,62,js,117b96f3,JaredW022,2026-05-01,21:27:48,-07:00,2026-05-01T21:27:48-07:00,2,0
projects\projects.js,63,js,117b96f3,JaredW022,2026-05-01,21:27:48,-07:00,2026-05-01T21:27:48-07:00,0,0
projects\projects.js,64,js,117b96f3,JaredW022,2026-05-01,21:27:48,-07:00,2026-05-01T21:27:48-07:00,2,51
projects\projects.js,65,js,117b96f3,JaredW022,2026-05-01,21:27:48,-07:00,2026-05-01T21:27:48-07:00,4,11
projects\projects.js,66,js,117b96f3,JaredW022,2026-05-01,21:27:48,-07:00,2026-05-01T21:27:48-07:00,4,9
projects\projects.js,67,js,117b96f3,JaredW022,2026-05-01,21:27:48,-07:00,2026-05-01T21:27:48-07:00,2,2
projects\projects.js,68,js,117b96f3,JaredW022,2026-05-01,21:27:48,-07:00,2026-05-01T21:27:48-07:00,0,0
projects\projects.js,69,js,117b96f3,JaredW022,2026-05-01,21:27:48,-07:00,2026-05-01T21:27:48-07:00,2,51
projects\projects.js,70,js,117b96f3,JaredW022,2026-05-01,21:27:48,-07:00,2026-05-01T21:27:48-07:00,2,42
projects\projects.js,71,js,117b96f3,JaredW022,2026-05-01,21:27:48,-07:00,2026-05-01T21:27:48-07:00,2,49
projects\projects.js,72,js,117b96f3,JaredW022,2026-05-01,21:27:48,-07:00,2026-05-01T21:27:48-07:00,0,0
projects\projects.js,73,js,117b96f3,JaredW022,2026-05-01,21:27:48,-07:00,2026-05-01T21:27:48-07:00,2,40
projects\projects.js,74,js,117b96f3,JaredW022,2026-05-01,21:27:48,-07:00,2026-05-01T21:27:48-07:00,2,29
projects\projects.js,75,js,117b96f3,JaredW022,2026-05-01,21:27:48,-07:00,2026-05-01T21:27:48-07:00,0,0
projects\projects.js,76,js,117b96f3,JaredW022,2026-05-01,21:27:48,-07:00,2026-05-01T21:27:48-07:00,2,32
projects\projects.js,77,js,117b96f3,JaredW022,2026-05-01,21:27:48,-07:00,2026-05-01T21:27:48-07:00,2,30
projects\projects.js,78,js,117b96f3,JaredW022,2026-05-01,21:27:48,-07:00,2026-05-01T21:27:48-07:00,0,0
projects\projects.js,79,js,117b96f3,JaredW022,2026-05-01,21:27:48,-07:00,2026-05-01T21:27:48-07:00,2,27
projects\projects.js,80,js,117b96f3,JaredW022,2026-05-01,21:27:48,-07:00,2026-05-01T21:27:48-07:00,4,16
projects\projects.js,81,js,117b96f3,JaredW022,2026-05-01,21:27:48,-07:00,2026-05-01T21:27:48-07:00,6,13
projects\projects.js,82,js,117b96f3,JaredW022,2026-05-01,21:27:48,-07:00,2026-05-01T21:27:48-07:00,6,22
projects\projects.js,83,js,117b96f3,JaredW022,2026-05-01,21:27:48,-07:00,2026-05-01T21:27:48-07:00,6,51
projects\projects.js,84,js,117b96f3,JaredW022,2026-05-01,21:27:48,-07:00,2026-05-01T21:27:48-07:00,6,18
projects\projects.js,85,js,117b96f3,JaredW022,2026-05-01,21:27:48,-07:00,2026-05-01T21:27:48-07:00,8,43
projects\projects.js,86,js,117b96f3,JaredW022,2026-05-01,21:27:48,-07:00,2026-05-01T21:27:48-07:00,0,0
projects\projects.js,87,js,117b96f3,JaredW022,2026-05-01,21:27:48,-07:00,2026-05-01T21:27:48-07:00,8,19
projects\projects.js,88,js,117b96f3,JaredW022,2026-05-01,21:27:48,-07:00,2026-05-01T21:27:48-07:00,10,66
projects\projects.js,89,js,117b96f3,JaredW022,2026-05-01,21:27:48,-07:00,2026-05-01T21:27:48-07:00,0,0
projects\projects.js,90,js,117b96f3,JaredW022,2026-05-01,21:27:48,-07:00,2026-05-01T21:27:48-07:00,8,20
projects\projects.js,91,js,117b96f3,JaredW022,2026-05-01,21:27:48,-07:00,2026-05-01T21:27:48-07:00,10,66
projects\projects.js,92,js,117b96f3,JaredW022,2026-05-01,21:27:48,-07:00,2026-05-01T21:27:48-07:00,0,0
projects\projects.js,93,js,117b96f3,JaredW022,2026-05-01,21:27:48,-07:00,2026-05-01T21:27:48-07:00,8,32
projects\projects.js,94,js,00000000,Not Committed Yet,2026-05-09,12:16:25,-07:00,2026-05-09T12:16:25-07:00,1,0
projects\projects.js,95,js,117b96f3,JaredW022,2026-05-01,21:27:48,-07:00,2026-05-01T21:27:48-07:00,8,25
projects\projects.js,96,js,117b96f3,JaredW022,2026-05-01,21:27:48,-07:00,2026-05-01T21:27:48-07:00,10,44
projects\projects.js,97,js,117b96f3,JaredW022,2026-05-01,21:27:48,-07:00,2026-05-01T21:27:48-07:00,8,6
projects\projects.js,98,js,117b96f3,JaredW022,2026-05-01,21:27:48,-07:00,2026-05-01T21:27:48-07:00,10,47
projects\projects.js,99,js,117b96f3,JaredW022,2026-05-01,21:27:48,-07:00,2026-05-01T21:27:48-07:00,10,56
projects\projects.js,100,js,117b96f3,JaredW022,2026-05-01,21:27:48,-07:00,2026-05-01T21:27:48-07:00,10,48
projects\projects.js,101,js,117b96f3,JaredW022,2026-05-01,21:27:48,-07:00,2026-05-01T21:27:48-07:00,8,0
projects\projects.js,102,js,117b96f3,JaredW022,2026-05-01,21:27:48,-07:00,2026-05-01T21:27:48-07:00,6,1
projects\projects.js,103,js,117b96f3,JaredW022,2026-05-01,21:27:48,-07:00,2026-05-01T21:27:48-07:00,2,1
projects\projects.js,104,js,117b96f3,JaredW022,2026-05-01,21:27:48,-07:00,2026-05-01T21:27:48-07:00,0,0
projects\projects.js,105,js,117b96f3,JaredW022,2026-05-01,21:27:48,-07:00,2026-05-01T21:27:48-07:00,2,25
projects\projects.js,106,js,dd1e7069,JaredW022,2026-05-01,20:47:33,-07:00,2026-05-01T20:47:33-07:00,2,17
projects\projects.js,107,js,117b96f3,JaredW022,2026-05-01,21:27:48,-07:00,2026-05-01T21:27:48-07:00,4,36
projects\projects.js,108,js,117b96f3,JaredW022,2026-05-01,21:27:48,-07:00,2026-05-01T21:27:48-07:00,4,51
projects\projects.js,109,js,117b96f3,JaredW022,2026-05-01,21:27:48,-07:00,2026-05-01T21:27:48-07:00,4,68
projects\projects.js,110,js,117b96f3,JaredW022,2026-05-01,21:27:48,-07:00,2026-05-01T21:27:48-07:00,4,18
projects\projects.js,111,js,117b96f3,JaredW022,2026-05-01,21:27:48,-07:00,2026-05-01T21:27:48-07:00,6,43
projects\projects.js,112,js,117b96f3,JaredW022,2026-05-01,21:27:48,-07:00,2026-05-01T21:27:48-07:00,0,0
projects\projects.js,113,js,117b96f3,JaredW022,2026-05-01,21:27:48,-07:00,2026-05-01T21:27:48-07:00,6,19
projects\projects.js,114,js,117b96f3,JaredW022,2026-05-01,21:27:48,-07:00,2026-05-01T21:27:48-07:00,8,66
projects\projects.js,115,js,117b96f3,JaredW022,2026-05-01,21:27:48,-07:00,2026-05-01T21:27:48-07:00,0,0
projects\projects.js,116,js,117b96f3,JaredW022,2026-05-01,21:27:48,-07:00,2026-05-01T21:27:48-07:00,6,20
projects\projects.js,117,js,117b96f3,JaredW022,2026-05-01,21:27:48,-07:00,2026-05-01T21:27:48-07:00,8,66
projects\projects.js,118,js,117b96f3,JaredW022,2026-05-01,21:27:48,-07:00,2026-05-01T21:27:48-07:00,0,0
projects\projects.js,119,js,117b96f3,JaredW022,2026-05-01,21:27:48,-07:00,2026-05-01T21:27:48-07:00,6,32
projects\projects.js,120,js,117b96f3,JaredW022,2026-05-01,21:27:48,-07:00,2026-05-01T21:27:48-07:00,0,0
projects\projects.js,121,js,117b96f3,JaredW022,2026-05-01,21:27:48,-07:00,2026-05-01T21:27:48-07:00,6,25
projects\projects.js,122,js,117b96f3,JaredW022,2026-05-01,21:27:48,-07:00,2026-05-01T21:27:48-07:00,8,44
projects\projects.js,123,js,117b96f3,JaredW022,2026-05-01,21:27:48,-07:00,2026-05-01T21:27:48-07:00,6,6
projects\projects.js,124,js,117b96f3,JaredW022,2026-05-01,21:27:48,-07:00,2026-05-01T21:27:48-07:00,8,47
projects\projects.js,125,js,117b96f3,JaredW022,2026-05-01,21:27:48,-07:00,2026-05-01T21:27:48-07:00,8,56
projects\projects.js,126,js,117b96f3,JaredW022,2026-05-01,21:27:48,-07:00,2026-05-01T21:27:48-07:00,8,48
projects\projects.js,127,js,117b96f3,JaredW022,2026-05-01,21:27:48,-07:00,2026-05-01T21:27:48-07:00,6,0
projects\projects.js,128,js,e0213f22,JaredW022,2026-05-01,21:41:15,-07:00,2026-05-01T21:41:15-07:00,0,0
projects\projects.js,129,js,117b96f3,JaredW022,2026-05-01,21:27:48,-07:00,2026-05-01T21:27:48-07:00,4,1
projects\projects.js,130,js,117b96f3,JaredW022,2026-05-01,21:27:48,-07:00,2026-05-01T21:27:48-07:00,2,1
projects\projects.js,131,js,849ff6df,JaredW022,2026-05-01,20:00:33,-07:00,2026-05-01T20:00:33-07:00,0,0
projects\projects.js,132,js,849ff6df,JaredW022,2026-05-01,20:00:33,-07:00,2026-05-01T20:00:33-07:00,0,0
projects\projects.js,133,js,849ff6df,JaredW022,2026-05-01,20:00:33,-07:00,2026-05-01T20:00:33-07:00,0,23
projects\projects.js,134,js,849ff6df,JaredW022,2026-05-01,20:00:33,-07:00,2026-05-01T20:00:33-07:00,0,0
projects\projects.js,135,js,a138bea6,JaredW022,2026-05-01,20:36:51,-07:00,2026-05-01T20:36:51-07:00,0,0
projects\index.html,1,html,36bf0347,JaredW022,2026-04-01,20:04:49,-07:00,2026-04-01T20:04:49-07:00,0,13
projects\index.html,2,html,36bf0347,JaredW022,2026-04-01,20:04:49,-07:00,2026-04-01T20:04:49-07:00,0,14
projects\index.html,3,html,36bf0347,JaredW022,2026-04-01,20:04:49,-07:00,2026-04-01T20:04:49-07:00,0,4
projects\index.html,4,html,36bf0347,JaredW022,2026-04-01,20:04:49,-07:00,2026-04-01T20:04:49-07:00,2,20
projects\index.html,5,html,36bf0347,JaredW022,2026-04-01,20:04:49,-07:00,2026-04-01T20:04:49-07:00,2,68
projects\index.html,6,html,36bf0347,JaredW022,2026-04-01,20:04:49,-07:00,2026-04-01T20:04:49-07:00,2,21
projects\index.html,7,html,2e9623a7,JaredW022,2026-04-09,14:48:01,-07:00,2026-04-09T14:48:01-07:00,2,41
projects\index.html,8,html,36bf0347,JaredW022,2026-04-01,20:04:49,-07:00,2026-04-01T20:04:49-07:00,0,5
projects\index.html,9,html,36bf0347,JaredW022,2026-04-01,20:04:49,-07:00,2026-04-01T20:04:49-07:00,0,4
projects\index.html,10,html,418516b8,JaredW022,2026-04-24,20:11:20,-07:00,2026-04-24T20:11:20-07:00,2,38
projects\index.html,11,html,2255b27d,JaredW022,2026-04-09,18:41:16,-07:00,2026-04-09T18:41:16-07:00,0,0
projects\index.html,12,html,c02ac033,JaredW022,2026-05-01,17:44:13,-07:00,2026-05-01T17:44:13-07:00,2,32
projects\index.html,13,html,b8fb8d23,JaredW022,2026-05-01,17:41:54,-07:00,2026-05-01T17:41:54-07:00,4,58
projects\index.html,14,html,b8fb8d23,JaredW022,2026-05-01,17:41:54,-07:00,2026-05-01T17:41:54-07:00,4,22
projects\index.html,15,html,b8fb8d23,JaredW022,2026-05-01,17:41:54,-07:00,2026-05-01T17:41:54-07:00,2,4
projects\index.html,16,html,76d2a5ec,JaredW022,2026-05-01,15:55:26,-07:00,2026-05-01T15:55:26-07:00,0,0
projects\index.html,17,html,849ff6df,JaredW022,2026-05-01,20:00:33,-07:00,2026-05-01T20:00:33-07:00,2,4
projects\index.html,18,html,849ff6df,JaredW022,2026-05-01,20:00:33,-07:00,2026-05-01T20:00:33-07:00,2,15
projects\index.html,19,html,849ff6df,JaredW022,2026-05-01,20:00:33,-07:00,2026-05-01T20:00:33-07:00,2,11
projects\index.html,20,html,849ff6df,JaredW022,2026-05-01,20:00:33,-07:00,2026-05-01T20:00:33-07:00,2,26
projects\index.html,21,html,849ff6df,JaredW022,2026-05-01,20:00:33,-07:00,2026-05-01T20:00:33-07:00,2,31
projects\index.html,22,html,849ff6df,JaredW022,2026-05-01,20:00:33,-07:00,2026-05-01T20:00:33-07:00,2,0
projects\index.html,23,html,849ff6df,JaredW022,2026-05-01,20:00:33,-07:00,2026-05-01T20:00:33-07:00,0,0
projects\index.html,24,html,2255b27d,JaredW022,2026-04-09,18:41:16,-07:00,2026-04-09T18:41:16-07:00,2,20
projects\index.html,25,html,bdb8c21d,JaredW022,2026-04-24,19:46:26,-07:00,2026-04-24T19:46:26-07:00,0,0
projects\index.html,26,html,2255b27d,JaredW022,2026-04-09,18:41:16,-07:00,2026-04-09T18:41:16-07:00,2,4
projects\index.html,27,html,2255b27d,JaredW022,2026-04-09,18:41:16,-07:00,2026-04-09T18:41:16-07:00,0,0
projects\index.html,28,html,78f50c88,JaredW022,2026-05-01,17:19:44,-07:00,2026-05-01T17:19:44-07:00,2,48
projects\index.html,29,html,78f50c88,JaredW022,2026-05-01,17:19:44,-07:00,2026-05-01T17:19:44-07:00,2,47
projects\index.html,30,html,78f50c88,JaredW022,2026-05-01,17:19:44,-07:00,2026-05-01T17:19:44-07:00,0,0
projects\index.html,31,html,36bf0347,JaredW022,2026-04-01,20:04:49,-07:00,2026-04-01T20:04:49-07:00,0,5
projects\index.html,32,html,36bf0347,JaredW022,2026-04-01,20:04:49,-07:00,2026-04-01T20:04:49-07:00,0,5
contact\index.html,1,html,36bf0347,JaredW022,2026-04-01,20:04:49,-07:00,2026-04-01T20:04:49-07:00,0,13
contact\index.html,2,html,36bf0347,JaredW022,2026-04-01,20:04:49,-07:00,2026-04-01T20:04:49-07:00,0,14
contact\index.html,3,html,36bf0347,JaredW022,2026-04-01,20:04:49,-07:00,2026-04-01T20:04:49-07:00,0,4
contact\index.html,4,html,36bf0347,JaredW022,2026-04-01,20:04:49,-07:00,2026-04-01T20:04:49-07:00,2,20
contact\index.html,5,html,36bf0347,JaredW022,2026-04-01,20:04:49,-07:00,2026-04-01T20:04:49-07:00,2,68
contact\index.html,6,html,36bf0347,JaredW022,2026-04-01,20:04:49,-07:00,2026-04-01T20:04:49-07:00,2,25
contact\index.html,7,html,2e9623a7,JaredW022,2026-04-09,14:48:01,-07:00,2026-04-09T14:48:01-07:00,2,41
contact\index.html,8,html,36bf0347,JaredW022,2026-04-01,20:04:49,-07:00,2026-04-01T20:04:49-07:00,0,5
contact\index.html,9,html,36bf0347,JaredW022,2026-04-01,20:04:49,-07:00,2026-04-01T20:04:49-07:00,0,4
contact\index.html,10,html,b15f091b,JaredW022,2026-04-17,15:28:22,-07:00,2026-04-17T15:28:22-07:00,2,48
contact\index.html,11,html,b15f091b,JaredW022,2026-04-17,15:28:22,-07:00,2026-04-17T15:28:22-07:00,2,0
contact\index.html,12,html,5faa41bd,JaredW022,2026-04-17,14:12:37,-07:00,2026-04-17T14:12:37-07:00,2,8
contact\index.html,13,html,79df896d,JaredW022,2026-04-01,20:09:15,-07:00,2026-04-01T20:09:15-07:00,4,30
contact\index.html,14,html,b51b7850,JaredW022,2026-04-01,20:08:28,-07:00,2026-04-01T20:08:28-07:00,4,43
contact\index.html,15,html,573731d4,JaredW022,2026-04-17,13:22:37,-07:00,2026-04-17T13:22:37-07:00,4,41
contact\index.html,16,html,36bf0347,JaredW022,2026-04-01,20:04:49,-07:00,2026-04-01T20:04:49-07:00,4,63
contact\index.html,17,html,640583ba,JaredW022,2026-04-02,17:02:50,-07:00,2026-04-02T17:02:50-07:00,4,33
contact\index.html,18,html,5faa41bd,JaredW022,2026-04-17,14:12:37,-07:00,2026-04-17T14:12:37-07:00,2,8
contact\index.html,19,html,36bf0347,JaredW022,2026-04-01,20:04:49,-07:00,2026-04-01T20:04:49-07:00,0,0
contact\index.html,20,html,36bf0347,JaredW022,2026-04-01,20:04:49,-07:00,2026-04-01T20:04:49-07:00,2,15
contact\index.html,21,html,5ee00b88,JaredW022,2026-04-01,20:18:24,-07:00,2026-04-01T20:18:24-07:00,0,0
contact\index.html,22,html,5ee00b88,JaredW022,2026-04-01,20:18:24,-07:00,2026-04-01T20:18:24-07:00,2,77
contact\index.html,23,html,573dd2de,JaredW022,2026-04-09,17:46:28,-07:00,2026-04-09T17:46:28-07:00,0,0
contact\index.html,24,html,277669d2,JaredW022,2026-04-09,18:14:29,-07:00,2026-04-09T18:14:29-07:00,4,19
contact\index.html,25,html,573dd2de,JaredW022,2026-04-09,17:46:28,-07:00,2026-04-09T17:46:28-07:00,4,42
contact\index.html,26,html,573dd2de,JaredW022,2026-04-09,17:46:28,-07:00,2026-04-09T17:46:28-07:00,0,0
contact\index.html,27,html,277669d2,JaredW022,2026-04-09,18:14:29,-07:00,2026-04-09T18:14:29-07:00,4,21
contact\index.html,28,html,02fa064d,JaredW022,2026-04-09,17:54:15,-07:00,2026-04-09T17:54:15-07:00,4,33
contact\index.html,29,html,573dd2de,JaredW022,2026-04-09,17:46:28,-07:00,2026-04-09T17:46:28-07:00,0,0
contact\index.html,30,html,277669d2,JaredW022,2026-04-09,18:14:29,-07:00,2026-04-09T18:14:29-07:00,4,18
contact\index.html,31,html,573dd2de,JaredW022,2026-04-09,17:46:28,-07:00,2026-04-09T17:46:28-07:00,4,41
contact\index.html,32,html,573dd2de,JaredW022,2026-04-09,17:46:28,-07:00,2026-04-09T17:46:28-07:00,0,0
contact\index.html,33,html,573dd2de,JaredW022,2026-04-09,17:46:28,-07:00,2026-04-09T17:46:28-07:00,4,21
contact\index.html,34,html,cce12a52,JaredW022,2026-04-01,20:26:11,-07:00,2026-04-01T20:26:11-07:00,2,5
contact\index.html,35,html,36bf0347,JaredW022,2026-04-01,20:04:49,-07:00,2026-04-01T20:04:49-07:00,0,5
contact\index.html,36,html,36bf0347,JaredW022,2026-04-01,20:04:49,-07:00,2026-04-01T20:04:49-07:00,0,5
